variavel_original,importance,percentual_importancia
tipo_acidente,0.5284244,52.842438
br_categoria,0.22740872,22.740871
uf,0.1163789,11.63789
condicao_metereologica,0.024235925,2.4235926
tipo_pista,0.023146518,2.3146517
fase_dia,0.012946435,1.2946435
dia_semana,0.010496478,1.0496478
uso_solo,0.007940896,0.79408956
tracado_rotatoria,0.006459187,0.64591867
veiculos,0.0049202465,0.49202466
sentido_via,0.004909142,0.4909142
tracado_declive,0.0028038772,0.28038773
tracado_intersecao_de_vias,0.0027509346,0.27509347
tracado_ponte,0.002675601,0.2675601
qtd_caracteristicas_tracado,0.002375511,0.2375511
fim_semana,0.0023572964,0.23572963
tracado_retorno_regulamentado,0.0022434052,0.22434053
tracado_em_obras,0.0020446768,0.20446768
tracado_viaduto,0.002011126,0.2011126
tracado_reta,0.0019521146,0.19521147
km,0.0019476374,0.19476373
tracado_desvio_temporario,0.0019201362,0.19201362
tracado_curva,0.0017871412,0.17871413
tracado_aclive,0.0017502609,0.17502609
hora,0.0015838246,0.15838246
tracado_tunel,0.0012820143,0.12820143
mes,0.0012476586,0.124765866
