tipo_acidente,acidentes,graves,mortos,taxa_grave
Colisão traseira,77096,18099,3654,23.47592611808654
Saída de leito carroçável,62888,13841,4125,22.008968324640634
Colisão transversal,51012,16864,2658,33.05888810475967
Tombamento,35147,8046,1621,22.892423250917574
Colisão lateral mesmo sentido,34614,6904,1023,19.945686716357542
Colisão frontal,27476,17219,10610,62.66923860823992
Colisão com objeto,24788,5229,1447,21.094884621591092
Atropelamento de Pedestre,18156,12333,5362,67.9279576999339
Queda de ocupante de veículo,18055,4302,574,23.82719468291332
Colisão lateral sentido oposto,9591,3405,1050,35.502033156083826
Capotamento,9521,1944,393,20.41802331687848
Incêndio,8607,31,7,0.3601719530614616
Colisão lateral,8115,1762,305,21.712877387553913
Atropelamento de Animal,6757,1887,455,27.926594642592868
Engavetamento,6678,847,212,12.683438155136267
Colisão com objeto estático,4889,1040,308,21.27224381264062
Eventos atípicos,1482,369,114,24.898785425101213
Derramamento de carga,830,79,25,9.518072289156626
Colisão com objeto em movimento,255,69,9,27.058823529411764
Danos eventuais,232,28,5,12.068965517241379
Sinistro pessoal de trânsito,19,11,3,57.89473684210527
Não informado,1,0,0,0.0
