variavel,n_registros,categorias,chi2,graus_liberdade,p_valor,cramers_v,interpretacao,pct_celulas_esperadas_lt5,experimento,observacao
tipo_acidente,406209,22,40504.81344100101,21,0.0,0.31569410403900156,Forte,4.545454545454546,Modelo B - ocorrência,
causa_acidente,342624,76,23394.97869909757,75,0.0,0.260889028739241,Moderada,1.3157894736842104,Análise complementar - causa,Analisada somente entre 2021 e 2025 devido à alteração de taxonomia.
br,406209,127,7446.546429134807,126,0.0,0.13424480993574994,Fraca,13.779527559055119,Modelo A - contexto,
uf,406209,27,7142.850808787974,26,0.0,0.13236394204583246,Fraca,0.0,Modelo A - contexto,
tipo_pista,406209,3,5657.058455320856,2,0.0,0.11798975868907187,Fraca,0.0,Modelo A - contexto,
hora,406209,24,2424.0309355793684,23,0.0,0.07688199363928169,Muito fraca,0.0,Modelo A - contexto,
fase_dia,406209,4,2311.353748665265,3,0.0,0.07538361240780203,Muito fraca,0.0,Modelo A - contexto,
condicao_metereologica,406209,10,968.379256173747,9,1.1328448676040954e-202,0.04859828244718906,Muito fraca,10.0,Modelo A - contexto,
uso_solo,406209,2,637.3869790650108,1,1.23661875942394e-140,0.03958096748636912,Muito fraca,0.0,Modelo A - contexto,
dia_semana,406209,7,423.9667520772292,6,1.9609229215867458e-88,0.03207721273551278,Muito fraca,0.0,Modelo A - contexto,
fim_semana,406209,2,398.88731825888794,1,9.61949586850371e-89,0.0312972234887408,Muito fraca,0.0,Modelo A - contexto,
tracado_rotatoria,406209,2,349.7308715110907,1,4.850049934943847e-78,0.029300225304922514,Muito fraca,0.0,Modelo A - contexto,
sentido_via,406209,3,241.35496424623855,2,3.894353975295019e-53,0.024274314757180965,Muito fraca,0.0,Modelo A - contexto,
tracado_declive,406209,2,185.55600012704764,1,2.96769532989457e-42,0.02131522127942404,Muito fraca,0.0,Modelo A - contexto,
tracado_reta,406209,2,154.12486453147469,1,2.1749091023659663e-35,0.019415501781976267,Muito fraca,0.0,Modelo A - contexto,
tracado_viaduto,406209,2,67.95963074651388,1,1.6687734089027957e-16,0.012839031988078769,Muito fraca,0.0,Modelo A - contexto,
mes,406209,12,44.7682288396835,11,5.329316170366096e-06,0.009117583112096359,Muito fraca,0.0,Modelo A - contexto,
tracado_ponte,406209,2,33.481753601066444,1,7.193568918288792e-09,0.008942222693926338,Muito fraca,0.0,Modelo A - contexto,
tracado_retorno_regulamentado,406209,2,30.176000874519012,1,3.9456179472357e-08,0.008474978930642816,Muito fraca,0.0,Modelo A - contexto,
tracado_aclive,406209,2,26.742569411370397,1,2.324438436817111e-07,0.007960707909811314,Muito fraca,0.0,Modelo A - contexto,
tracado_intersecao_de_vias,406209,2,18.476965485238008,1,1.7197024165205334e-05,0.006559318925145707,Muito fraca,0.0,Modelo A - contexto,
tracado_tunel,406209,2,3.4631275596743336,1,0.06275151654356623,0.0024624589453966983,Muito fraca,0.0,Modelo A - contexto,
tracado_curva,406209,2,2.683890788008508,1,0.10136778878021062,0.0020360217211309794,Muito fraca,0.0,Modelo A - contexto,
tracado_em_obras,406209,2,2.11977344333437,1,0.1454080522844736,0.0016603145285787662,Muito fraca,0.0,Modelo A - contexto,
tracado_desvio_temporario,406209,2,0.6215359997260335,1,0.43047707099275634,0.0,Muito fraca,0.0,Modelo A - contexto,
